{
 "CRYPTO|Trend (EMAx)|BTC Spot-Quoted (QTF)|62840.0": 0.0,
 "CRYPTO|Trend (EMAx)|ETH Spot-Quoted (QEF)|1670.98": 6.9103161019282116,
 "CRYPTO|Trend (EMAx)|SOL (fut, SQF pending)|69.81": -1.332187365706908,
 "OMEGA|XAU_4h_DonchN20|XAUUSD|4191.035": 3.8824538568635125
}